Time,Theta_Actual,Theta_Predicted,Gamma_Actual,Gamma_Predicted
14.39,-0.0010689991965375,-0.013723147834348508,-0.0676667694400916,-0.013723147834348508
14.4,-0.0011132022462682,-0.012731493882213521,-0.0676300733043115,-0.012731493882213521
14.41,-0.0010938543215308,-0.01123266547415484,-0.0677391549339081,-0.01123266547415484
14.42,-0.0011904299807071,-0.0090999841588277,-0.0677098853613186,-0.0090999841588277
14.43,-0.0011435384517146,-0.006867020717986925,-0.0676946810878615,-0.006867020717986925
14.44,-0.0012253716239795,-0.004436826596719411,-0.0676617494587422,-0.004436826596719411
14.45,-0.0013437053116383,-0.0022057355555922843,-0.0676525293724086,-0.0022057355555922843
14.46,-0.0013130068695656,-0.00037550350857785617,-0.0677528025673703,-0.00037550350857785617
14.47,-0.0014448285171178,0.0008880331724573885,-0.0675618387342732,0.0008880331724573885
14.48,-0.0013648836014619,0.0014944017669399137,-0.0676229941208797,0.0014944017669399137
14.49,-0.0015149434167016,0.001446949234770404,-0.0675403497752342,0.001446949234770404
14.5,-0.0014581679533117,0.0008363860611458208,-0.0676050535003145,0.0008363860611458208
14.51,-0.001466862483822,-0.00021219529078711843,-0.0676473470358614,-0.00021219529078711843
14.52,-0.0014221379307672,-0.0015887569881051673,-0.0676390970859317,-0.0015887569881051673
14.53,-0.0014261595884705,-0.003177356427893928,-0.0676873799485572,-0.003177356427893928
14.54,-0.0014649419301991,-0.004752162088197964,-0.067631786835651,-0.004752162088197964
14.55,-0.0014550137811764,-0.006242160469704005,-0.0676321898935795,-0.006242160469704005
14.56,-0.0013285727175421,-0.006350206793966834,-0.0674733142364905,-0.006350206793966834
14.57,-0.0013449671545914,-0.0061960345618250826,-0.0674462251673481,-0.0061960345618250826
14.58,-0.001331871800928,-0.006043307880677081,-0.0675210837863276,-0.006043307880677081
14.59,-0.0011829647601719,-0.005796537234370007,-0.0675098949826618,-0.005796537234370007
14.6,-0.0011631907754475,-0.005734143468407511,-0.067652535788157,-0.005734143468407511
14.61,-0.0012123052560736,-0.005032180639527536,-0.0675741046263053,-0.005032180639527536
14.62,-0.0011644717840631,-0.005468779561763438,-0.0676472298845108,-0.005468779561763438
14.63,-0.0012293778853974,-0.005889229804258416,-0.0675680752181157,-0.005889229804258416
14.64,-0.0011669137922302,-0.006130626190372655,-0.0676839746312125,-0.006130626190372655
14.65,-0.0011546835664862,-0.0061319459595386705,-0.0676783252127501,-0.0061319459595386705
14.66,-0.0012104267722584,-0.005822812811634569,-0.0676113998084117,-0.005822812811634569
14.67,-0.001290269477655,-0.004842840988326068,-0.0674822742745342,-0.004842840988326068
14.68,-0.0013536129189322,-0.004002429154493486,-0.0675158796925026,-0.004002429154493486
14.69,-0.0013230377784255,-0.0031757577964261832,-0.0675392412257828,-0.0031757577964261832
14.7,-0.0013666028303572,-0.0026836840026791993,-0.0673965484618089,-0.0026836840026791993
14.71,-0.0014171227355782,-0.002464778604559615,-0.0674584953681206,-0.002464778604559615
14.72,-0.0015966612070858,-0.002553749948803797,-0.0674467169494542,-0.002553749948803797
14.73,-0.0016011806718583,-0.00280615101796065,-0.0674925722939019,-0.00280615101796065
14.74,-0.001634286926387,-0.002925112986819474,-0.0673305820712336,-0.002925112986819474
14.75,-0.0017088614487328,-0.0031945520470168035,-0.0674199389388984,-0.0031945520470168035
14.76,-0.0018085960416878,-0.003599791634051313,-0.0673196994482723,-0.003599791634051313
14.77,-0.0018933993557603,-0.004040950505129551,-0.0674141229570359,-0.004040950505129551
14.78,-0.0019045409926003,-0.00449530854856605,-0.0674461611057894,-0.00449530854856605
14.79,-0.0019667578399385,-0.004011713529155938,-0.0674013924971247,-0.004011713529155938
14.8,-0.0019455992908516,-0.003654071429514044,-0.0673742613908276,-0.003654071429514044
14.81,-0.0020487633290892,-0.0034557363866143526,-0.0672720377592912,-0.0034557363866143526
14.82,-0.0019531991800127,-0.0032932657148665515,-0.0674385211100263,-0.0032932657148665515
14.83,-0.0020386062468887,-0.003232864783711889,-0.0673483843783881,-0.003232864783711889
14.84,-0.0019707995855795,-0.00316380944366201,-0.0673056210428224,-0.00316380944366201
14.85,-0.0018791481787766,-0.0031983544241355917,-0.067332101034968,-0.0031983544241355917
14.86,-0.0018229809275777,-0.0032115921388132275,-0.0673289013848884,-0.0032115921388132275
14.87,-0.00192625053718,-0.0034328629600211824,-0.0673289062728281,-0.0034328629600211824
14.88,-0.0018368437241224,-0.0036320886853226757,-0.0673639396138936,-0.0036320886853226757
14.89,-0.0017767790536525,-0.003770543107653821,-0.0673733140579932,-0.003770543107653821
14.9,-0.0017926093936978,-0.003979815052079668,-0.0672994510504169,-0.003979815052079668
14.91,-0.0018429598645017,-0.004141088851216928,-0.0672992017176666,-0.004141088851216928
14.92,-0.0017513632341416,-0.004258844877810718,-0.0673188777742932,-0.004258844877810718
14.93,-0.0017053482964438,-0.004344436857714077,-0.0673266644684642,-0.004344436857714077
14.94,-0.0016474745264468,-0.00434959172115525,-0.0674037696671564,-0.00434959172115525
14.95,-0.0016433713298062,-0.004329256899115286,-0.0674036254694314,-0.004329256899115286
14.96,-0.0016814135528559,-0.004310373873829265,-0.0673524546708202,-0.004310373873829265
14.97,-0.001670261001952,-0.004252035919143565,-0.0674745279480029,-0.004252035919143565
14.98,-0.0015741495075495,-0.004125842365942323,-0.0674735929024354,-0.004125842365942323
14.99,-0.0015922448008804,-0.00395949634929952,-0.0673491521926652,-0.00395949634929952
15.0,-0.0015385229577754,-0.0038300428678269827,-0.0674249140746562,-0.0038300428678269827
15.01,-0.0014972501823981,-0.003687769851860187,-0.0674741629112194,-0.003687769851860187
15.02,-0.0015170740185694,-0.003759154970720012,-0.0674729081626474,-0.003759154970720012
15.03,-0.0014429580775428,-0.0036718755596024805,-0.0673984360574442,-0.0036718755596024805
15.04,-0.0014699780531172,-0.0037455039685652045,-0.0673660740557295,-0.0037455039685652045
15.05,-0.0014596554932276,-0.0037921428056711115,-0.0672091035053331,-0.0037921428056711115
15.06,-0.0014478602471886,-0.003859495978155103,-0.0672052627920997,-0.003859495978155103
15.07,-0.0014339291461278,-0.003920410487691775,-0.0672820606686117,-0.003920410487691775
15.08,-0.0013217059087972,-0.004098808960789117,-0.0673998119039627,-0.004098808960789117
15.09,-0.0012886762681619,-0.004258059750372512,-0.0673562287591501,-0.004258059750372512
15.1,-0.0012817911616066,-0.0044965168213099566,-0.0672752427003716,-0.0044965168213099566
15.11,-0.0012506101893409,-0.005126324626041963,-0.0674092292504205,-0.005126324626041963
15.12,-0.0012257998705029,-0.005956160247090239,-0.0674263823776399,-0.005956160247090239
15.13,-0.0011331952551567,-0.006594263765255317,-0.0673332988561269,-0.006594263765255317
15.14,-0.0011165772312556,-0.007212677977224215,-0.0673364987328284,-0.007212677977224215
15.15,-0.0011703360003429,-0.0074686069582951195,-0.0673485606547494,-0.0074686069582951195
15.16,-0.0010713125939324,-0.006672779534904784,-0.067351099470489,-0.006672779534904784
15.17,-0.0010074275812384,-0.00582762158669246,-0.0674537252313514,-0.00582762158669246
15.18,-0.0010637687546915,-0.004933825722152313,-0.0674489598249042,-0.004933825722152313
15.19,-0.0009303545951502,-0.004009228060382241,-0.0675071761731756,-0.004009228060382241
15.2,-0.0010031121207591,-0.0032162168600529326,-0.0673712693961998,-0.0032162168600529326
15.21,-0.0009489795475914,-0.0026950202113150135,-0.0673957143414622,-0.0026950202113150135
15.22,-0.0009107477713372,-0.002493429569374029,-0.0674889077625395,-0.002493429569374029
15.23,-0.0008925728572876,-0.0024923149556015864,-0.067348562861937,-0.0024923149556015864
15.24,-0.0007999475325256,-0.002559168608563721,-0.0673210989780019,-0.002559168608563721
15.25,-0.0007872424905525,-0.0023939778094418177,-0.0673577443952233,-0.0023939778094418177
15.26,-0.0008266637789146,-0.00248745481521603,-0.0672767524936108,-0.00248745481521603
15.27,-0.0008230783604945,-0.0028429321804224646,-0.0673245478822883,-0.0028429321804224646
15.28,-0.0007592509346542,-0.0033238629786844463,-0.0672667141483871,-0.0033238629786844463
15.29,-0.0006897472452461,-0.003901150547167203,-0.0672145738524727,-0.003901150547167203
15.3,-0.0006594389555179,-0.004558677828078131,-0.0672956506980514,-0.004558677828078131
15.31,-0.0006010418473123,-0.005110261384382288,-0.0673309460987135,-0.005110261384382288
15.32,-0.0005677733948945,-0.0055953330554555335,-0.067408012798477,-0.0055953330554555335
15.33,-0.0005505043454505,-0.005909176315036981,-0.0674042385047209,-0.005909176315036981
15.34,-0.0004888118145626,-0.006009292742904206,-0.0673719155549028,-0.006009292742904206
15.35,-0.0004812332039133,-0.006060977158792717,-0.0674408807455979,-0.006060977158792717
15.36,-0.0003655016059553,-0.005977266116082569,-0.0674607841101792,-0.005977266116082569
15.37,-0.0004554656921966,-0.00575176051799476,-0.0673883427150474,-0.00575176051799476
15.38,-0.00046981608523,-0.005394306636688887,-0.0673814620992648,-0.005394306636688887
15.39,-0.000328888277375,-0.004916089182467286,-0.0674640633061427,-0.004916089182467286
15.4,-0.0004614339387433,-0.004438146536065422,-0.0673306115925814,-0.004438146536065422
15.41,-0.0004070605763275,-0.003980692243875209,-0.0673548604795873,-0.003980692243875209
15.42,-0.0004003136255437,-0.0035993288901752067,-0.0673224322852021,-0.0035993288901752067
15.43,-0.0004254965828369,-0.0033822183047856474,-0.0673759894301519,-0.0033822183047856474
15.44,-0.0004076915969907,-0.0031527239892024696,-0.0673730867589461,-0.0031527239892024696
15.45,-0.0004001120129225,-0.0030368986228070938,-0.0674071500927978,-0.0030368986228070938
15.46,-0.0004813099525216,-0.002965820149490355,-0.0672677097919598,-0.002965820149490355
15.47,-0.0004829554570017,-0.0030517735806210172,-0.0672472479792658,-0.0030517735806210172
15.48,-0.0005330896002416,-0.0031663922353284413,-0.0672304560768595,-0.0031663922353284413
15.49,-0.0004588924369759,-0.003223578752139262,-0.0671542173621981,-0.003223578752139262
15.5,-0.0005259446336979,-0.0034088273035622757,-0.0670690752716835,-0.0034088273035622757
15.51,-0.0005740480165159,-0.003579182375574884,-0.0670570610609916,-0.003579182375574884
15.52,-0.0005195637107153,-0.0038596438067675758,-0.0670596219315088,-0.0038596438067675758
15.53,-0.0005618677503496,-0.004119670396092987,-0.0670665051212329,-0.004119670396092987
15.54,-0.0006126476703783,-0.004155533733995943,-0.0668731788354841,-0.004155533733995943
15.55,-0.000671840490042,-0.004283158773662157,-0.066881023756725,-0.004283158773662157
15.56,-0.0006688442507739,-0.0042834650767214835,-0.0667915450231951,-0.0042834650767214835
15.57,-0.0006611452874818,-0.004359878362218704,-0.0669206734079235,-0.004359878362218704
15.58,-0.0007072485101684,-0.00435006499888883,-0.0669114873772671,-0.00435006499888883
15.59,-0.0007925144019177,-0.004430620659809273,-0.0668873269666639,-0.004430620659809273
15.6,-0.0008377022028249,-0.004413199508154695,-0.0667433946255423,-0.004413199508154695
15.61,-0.0008318679639227,-0.004232305578445242,-0.0667358288594938,-0.004232305578445242
15.62,-0.0008598406470044,-0.004325341853834035,-0.0668305036141921,-0.004325341853834035
15.63,-0.0009069557630174,-0.0043409153188168,-0.0667679451567662,-0.0043409153188168
15.64,-0.0009384419394611,-0.00438166827571734,-0.0667890384526155,-0.00438166827571734
15.65,-0.0009057102600166,-0.004252312450874325,-0.0667897095124521,-0.004252312450874325
15.66,-0.0009028900865259,-0.004131685138034268,-0.0667388669669663,-0.004131685138034268
15.67,-0.0010166859870389,-0.004048896740238266,-0.0667982233308509,-0.004048896740238266
15.68,-0.001020921916925,-0.004067854070434567,-0.066798703571486,-0.004067854070434567
15.69,-0.0010394130941849,-0.004105801978833,-0.0666730670544082,-0.004105801978833
15.7,-0.0010755173123099,-0.00406548605112713,-0.066605340817796,-0.00406548605112713
15.71,-0.0010170559878253,-0.004101824651018816,-0.0667113615928401,-0.004101824651018816
15.72,-0.0009591323783168,-0.005451332115087783,-0.0668579809965231,-0.005451332115087783
15.73,-0.0009698660797117,-0.006321397765442167,-0.066721160306301,-0.006321397765442167
15.74,-0.0009986783219716,-0.006996216780374619,-0.0667613759603654,-0.006996216780374619
15.75,-0.000999491363769,-0.006621126146850134,-0.0666594074835537,-0.006621126146850134
15.76,-0.0009437204110045,-0.006780389725003843,-0.0668016058124786,-0.006780389725003843
15.77,-0.0009399355596205,-0.0068326194226062745,-0.0668534872507451,-0.0068326194226062745
15.78,-0.0010106435208501,-0.0061223616125991726,-0.0666923577312164,-0.0061223616125991726
15.79,-0.0009115339315026,-0.00535470484096643,-0.066798325828072,-0.00535470484096643
15.8,-0.0008767240019523,-0.004630683102915815,-0.0668336064416429,-0.004630683102915815
15.81,-0.000881429760488,-0.004119489715139767,-0.0667104680437509,-0.004119489715139767
15.82,-0.0008035003578997,-0.0037802597265304827,-0.0667421565473981,-0.0037802597265304827
15.83,-0.0008499240781429,-0.003682058383279091,-0.0667849646283235,-0.003682058383279091
15.84,-0.0007391374460604,-0.003690969626420019,-0.0669296375902214,-0.003690969626420019
15.85,-0.0007589825236325,-0.003853852294986009,-0.0668796897144546,-0.003853852294986009
15.86,-0.0007663964228814,-0.0041540176026710444,-0.0668207121277551,-0.0041540176026710444
15.87,-0.0006868319309269,-0.004513042254757533,-0.0669048655017236,-0.004513042254757533
15.88,-0.0006898876214339,-0.0049797136609773494,-0.0669227956456481,-0.0049797136609773494
15.89,-0.000623681007199,-0.005246098128879505,-0.0670392590170892,-0.005246098128879505
15.9,-0.0006611764933184,-0.005641319467656971,-0.0670541468318313,-0.005641319467656971
15.91,-0.0006829216399044,-0.005931669159667023,-0.0670021297169446,-0.005931669159667023
15.92,-0.000652809670689,-0.006068203954551321,-0.0670150606746437,-0.006068203954551321
15.93,-0.000718424758958,-0.006220606661941578,-0.0671104300404066,-0.006220606661941578
15.94,-0.0007263914342978,-0.0061107898448788285,-0.0669867344446791,-0.0061107898448788285
15.95,-0.0007743805656482,-0.006016302275097304,-0.0669822181868874,-0.006016302275097304
15.96,-0.0007752920637798,-0.0058592731521604074,-0.0670303509796432,-0.0058592731521604074
15.97,-0.0008523002452185,-0.005728627860112006,-0.0670192084326651,-0.005728627860112006
15.98,-0.0009023292355703,-0.005579069882579141,-0.0670781587117955,-0.005579069882579141
15.99,-0.0008888111473679,-0.005362088655046053,-0.0669707213407832,-0.005362088655046053
16.0,-0.0008776384494394,-0.005200617328690076,-0.0669797684688779,-0.005200617328690076
16.01,-0.0008487827341454,-0.005139148036600639,-0.0669733776060991,-0.005139148036600639
16.02,-0.0009145081269647,-0.005093930344926466,-0.0669282764555846,-0.005093930344926466
16.03,-0.0009160785368871,-0.005119063720806342,-0.066883199979061,-0.005119063720806342
16.04,-0.0008152002194562,-0.005196207520332601,-0.0668732665131144,-0.005196207520332601
16.05,-0.0008026366208451,-0.0051916374272132325,-0.0668220134958753,-0.0051916374272132325
16.06,-0.0008682285366495,-0.005317737699553231,-0.0668225178968269,-0.005317737699553231
16.07,-0.000829700344089,-0.005461818126137007,-0.0668497553861567,-0.005461818126137007
16.08,-0.0007913383144663,-0.005666389334265488,-0.0668716816457315,-0.005666389334265488
16.09,-0.0007335821506112,-0.0058148344980756515,-0.0668439484228174,-0.0058148344980756515
16.1,-0.0008122022649551,-0.006040125764856984,-0.0668288158496232,-0.006040125764856984
16.11,-0.0007046288181515,-0.006131370505051487,-0.0668772005188065,-0.006131370505051487
16.12,-0.0007943510251316,-0.006235714354610646,-0.0668230809324057,-0.006235714354610646
16.13,-0.0007462546816224,-0.0059312695354160755,-0.0668375182250309,-0.0059312695354160755
16.14,-0.0006565659856622,-0.005927025717915219,-0.0668042324345402,-0.005927025717915219
16.15,-0.0006415421685978,-0.00612046026000217,-0.0668746209212926,-0.00612046026000217
16.16,-0.0006764221057989,-0.006067249058207134,-0.0668117587867142,-0.006067249058207134
16.17,-0.000678845619662,-0.006846070750955505,-0.0669517093499821,-0.006846070750955505
16.18,-0.0006408711784231,-0.00771470228942784,-0.0669432042664962,-0.00771470228942784
16.19,-0.0005926519295182,-0.00866016424717693,-0.0669789304671839,-0.00866016424717693
16.2,-0.0006109144527482,-0.009188174273850706,-0.0669520399359544,-0.009188174273850706
16.21,-0.0004851896565849,-0.008304803542645685,-0.0668276299593803,-0.008304803542645685
16.22,-0.0005360836479355,-0.007444559236932397,-0.0667551964124144,-0.007444559236932397
16.23,-0.0004960438281779,-0.0067109882948755695,-0.0668030235502193,-0.0067109882948755695
16.24,-0.0003706270369809,-0.00614256773998588,-0.0668342541113654,-0.00614256773998588
16.25,-0.0003137336076926,-0.005756821550733152,-0.0668143978849131,-0.005756821550733152
16.26,-0.0001825159422296,-0.00483904655055873,-0.0667538625913922,-0.00483904655055873
16.27,-0.0001526585004439,-0.004140815556950589,-0.0666301459643961,-0.004140815556950589
16.28,2.3804028160852164e-05,-0.0036436277933373923,-0.0666875560038359,-0.0036436277933373923
16.29,0.0001458091390518,-0.003463240476369419,-0.0666770346228487,-0.003463240476369419
16.3,0.0003840300388562,-0.003539093998076944,-0.0667606751698572,-0.003539093998076944
16.31,0.0005426342880256,-0.0037967109833857322,-0.0666686507917005,-0.0037967109833857322
16.32,0.0007223892040855,-0.004331230970130245,-0.0666451578230624,-0.004331230970130245
16.33,0.0009106306648479,-0.005215901319607676,-0.06671018150624,-0.005215901319607676
16.34,0.0011180851499424,-0.006053126365371132,-0.0667640297177424,-0.006053126365371132
16.35,0.001252447878413,-0.006756826459455606,-0.0666774526296496,-0.006756826459455606
16.36,0.0014306529663946,-0.007347527623348251,-0.0669053869900743,-0.007347527623348251
16.37,0.0016073479569264,-0.00782649765610104,-0.0670484985152497,-0.00782649765610104
16.38,0.0018236726412535,-0.008379374668104615,-0.0671986258279776,-0.008379374668104615
16.39,0.0018783580254071,-0.008727246574558967,-0.0672372109083103,-0.008727246574558967
16.4,0.0019995919490508,-0.00892948277188579,-0.0673700598591212,-0.00892948277188579
16.41,0.0021513033844269,-0.009001547594436887,-0.0674078683818229,-0.009001547594436887
16.42,0.0022225941482735,-0.009137559057886352,-0.0676014698976615,-0.009137559057886352
16.43,0.0023067120801137,-0.009160373057174095,-0.0677151119087972,-0.009160373057174095
16.44,0.0024241229756549,-0.009221096217525239,-0.0679868149343709,-0.009221096217525239
16.45,0.0025092347273975,-0.009007132967782622,-0.0679756825812105,-0.009007132967782622
16.46,0.0025289573795174,-0.00898460825411548,-0.0682648774932852,-0.00898460825411548
16.47,0.0026098974803658,-0.008923411927626974,-0.0683394465751134,-0.008923411927626974
16.48,0.002592782172538,-0.00931587678849536,-0.0684938529845387,-0.00931587678849536
16.49,0.002687889248262,-0.009932428217938997,-0.068917216174576,-0.009932428217938997
16.5,0.002576223613499,-0.010859331884522722,-0.0692068531570762,-0.010859331884522722
16.51,0.0025997555834492,-0.01181360625485365,-0.0694997524535515,-0.01181360625485365
16.52,0.0026391582353349,-0.012651377120439854,-0.0697626136585942,-0.012651377120439854
16.53,0.0026006344191767,-0.013661168100163736,-0.0701605168193551,-0.013661168100163736
16.54,0.0025944245722938,-0.014753594246126506,-0.0705128380887792,-0.014753594246126506
16.55,0.0024757496971313,-0.016144502169338507,-0.070999638078597,-0.016144502169338507
16.56,0.0023554655346136,-0.017437396122194734,-0.0713328526187924,-0.017437396122194734
16.57,0.0023590145583161,-0.018142796260112642,-0.0716367443868535,-0.018142796260112642
16.58,0.0021981183235666,-0.019143572721062575,-0.0722028849868965,-0.019143572721062575
16.59,0.002056876338349,-0.02003558615155375,-0.0726676285561749,-0.02003558615155375
16.6,0.0021368904085732,-0.020019306858975183,-0.0730454585645519,-0.020019306858975183
16.61,0.001920770127822,-0.02018958332010745,-0.0735147178643195,-0.02018958332010745
16.62,0.0019238342448274,-0.02050834870380014,-0.0740343016691315,-0.02050834870380014
16.63,0.0016229101568122,-0.02173588181612522,-0.0746359025751777,-0.02173588181612522
16.64,0.0014624699212478,-0.02313952846844943,-0.0751772611311487,-0.02313952846844943
16.65,0.0015220299495753,-0.02388093604900513,-0.075677741428643,-0.02388093604900513
16.66,0.0012338524273186,-0.025216158917385538,-0.0763483967105416,-0.025216158917385538
16.67,0.0010230260495579,-0.02644598295592414,-0.0766665971339568,-0.02644598295592414
16.68,0.001248996123994,-0.026669500679389314,-0.0772878918668177,-0.026669500679389314
16.69,0.0008053089498374,-0.02720996122951501,-0.077944972963248,-0.02720996122951501
16.7,0.0009521240153695,-0.02725924486088281,-0.078515566199744,-0.02725924486088281
16.71,0.0005946751510398,-0.02825098316032186,-0.0791505494910672,-0.02825098316032186
16.72,0.0006471681221176,-0.028518667160178375,-0.0797108479077774,-0.028518667160178375
16.73,0.0005902980344212,-0.028957464050073475,-0.0804966044646122,-0.028957464050073475
16.74,0.0001501306322143,-0.030321889128010357,-0.0810044100413071,-0.030321889128010357
16.75,0.0001275057425042,-0.03152358078395574,-0.0817871235773181,-0.03152358078395574
16.76,1.573694845313987e-05,-0.03275797970149353,-0.0824078692093316,-0.03275797970149353
16.77,1.3751773313548989e-05,-0.033305102542414644,-0.0829828952566158,-0.033305102542414644
16.78,-0.0002588709501503,-0.033070940548341865,-0.083902120942548,-0.033070940548341865
16.79,-0.0002400959344757,-0.032197607930304004,-0.0844606867698966,-0.032197607930304004
16.8,-0.0004536561926124,-0.0318987329595002,-0.0852215381240271,-0.0318987329595002
16.81,-0.0003996372764964,-0.031075957071582345,-0.0859406967506452,-0.031075957071582345
16.82,-0.0007077229529053,-0.030838024357407345,-0.0865626112661079,-0.030838024357407345
16.83,-0.0007286571722633,-0.030488053180577596,-0.087249650960326,-0.030488053180577596
16.84,-0.0007928023448733,-0.03033794887634557,-0.0880926651740597,-0.03033794887634557
16.85,-0.0009168072211315,-0.030508376922529563,-0.0888470039521205,-0.030508376922529563
16.86,-0.0010726016895573,-0.03133506854676539,-0.0894704981946476,-0.03133506854676539
16.87,-0.0012369528558381,-0.03235135959999584,-0.0901755791830265,-0.03235135959999584
16.88,-0.0012788474218137,-0.03297945687534866,-0.0908925954286222,-0.03297945687534866
16.89,-0.001362153020166,-0.03332301704251304,-0.0915660630023185,-0.03332301704251304
16.9,-0.0014079122672509,-0.03353466699053042,-0.0923593121842524,-0.03353466699053042
16.91,-0.0015215624651336,-0.03368798141456353,-0.0929294633032816,-0.03368798141456353
16.92,-0.0015464506200256,-0.03390729822312875,-0.0937149655660339,-0.03390729822312875
16.93,-0.0016275879839095,-0.033938089303340614,-0.0943741910496471,-0.033938089303340614
16.94,-0.0016690956619029,-0.03392048054600712,-0.0950599924449995,-0.03392048054600712
16.95,-0.0017736729060998,-0.03372738718172103,-0.0957762887007634,-0.03372738718172103
16.96,-0.0018839771635864,-0.03322071589974501,-0.0963357689144473,-0.03322071589974501
16.97,-0.0018797667680786,-0.03264972211400033,-0.0970244846202156,-0.03264972211400033
16.98,-0.0019933712550486,-0.032037777263432425,-0.0976114406912089,-0.032037777263432425
16.99,-0.001954520425205,-0.031212990431151028,-0.0983847252007229,-0.031212990431151028
17.0,-0.0020284226994128,-0.03041685070346327,-0.0988603007296777,-0.03041685070346327
17.01,-0.0020837204780373,-0.02956439355144603,-0.09928375831674,-0.02956439355144603
17.02,-0.0021052763884184,-0.02914444491062789,-0.0999968904485308,-0.02914444491062789
17.03,-0.0022008991155599,-0.028988742722236872,-0.1004793747751291,-0.028988742722236872
17.04,-0.0022642325558086,-0.028900692175556235,-0.1009687111624162,-0.028900692175556235
17.05,-0.0023356796412951,-0.028700788028376903,-0.1015009684846799,-0.028700788028376903
17.06,-0.0022571798669866,-0.028366477886805186,-0.1021515782354375,-0.028366477886805186
17.07,-0.002389337068699,-0.027634988046587247,-0.1025984685301746,-0.027634988046587247
17.08,-0.0024921413233192,-0.026886902820972718,-0.1029718855280557,-0.026886902820972718
17.09,-0.0024722145304466,-0.02610726659429937,-0.1035622453139731,-0.02610726659429937
17.1,-0.0026040440181557,-0.02555746468254151,-0.1039389574290283,-0.02555746468254151
17.11,-0.002578212258974,-0.025172845469468685,-0.1044856706553286,-0.025172845469468685
17.12,-0.0025490223073852,-0.024948536948792295,-0.1049929987764978,-0.024948536948792295
17.13,-0.0025491710392711,-0.024816459220758584,-0.1053958706350547,-0.024816459220758584
17.14,-0.0025803950612607,-0.024779375216397524,-0.1058046260488496,-0.024779375216397524
17.15,-0.0025031042576425,-0.02478878993839049,-0.1062753257625519,-0.02478878993839049
17.16,-0.0025027244712084,-0.025183663748409725,-0.1067611260309869,-0.025183663748409725
17.17,-0.0024776146688142,-0.025366759545112208,-0.1070860319777485,-0.025366759545112208
17.18,-0.0023797211681882,-0.025475164935812124,-0.1076020304097371,-0.025475164935812124
17.19,-0.0023763093152932,-0.025296436230699805,-0.1079438674764184,-0.025296436230699805
17.2,-0.0022703872732486,-0.025024437985964813,-0.1084955558750682,-0.025024437985964813
17.21,-0.0022570946951369,-0.024778360791892502,-0.1088353192537057,-0.024778360791892502
17.22,-0.0022501105289069,-0.02482517421918655,-0.1091806558493787,-0.02482517421918655
17.23,-0.002274687743041,-0.024941686206697643,-0.1095830987425992,-0.024941686206697643
17.24,-0.00201739445143,-0.024974508896281472,-0.1100447019980917,-0.024974508896281472
17.25,-0.0020111859810068,-0.0248345838808383,-0.1102474476365316,-0.0248345838808383
17.26,-0.0019061303927353,-0.024856793453901363,-0.1107738322347688,-0.024856793453901363
17.27,-0.001900052527677,-0.024940036524090103,-0.1111028713157201,-0.024940036524090103
17.28,-0.0018041065450307,-0.024574403190619487,-0.111550108690041,-0.024574403190619487
17.29,-0.0016476560266611,-0.023998949524283886,-0.1120479134532897,-0.023998949524283886
17.3,-0.0015245722497545,-0.02386150702222225,-0.1124941380858143,-0.02386150702222225
17.31,-0.001458684568222,-0.023755845375166458,-0.1128134664966571,-0.023755845375166458
17.32,-0.0013508289849209,-0.023428824983922805,-0.1131818831278508,-0.023428824983922805
17.33,-0.0011806232399829,-0.022848441405165856,-0.1136449197399509,-0.022848441405165856
17.34,-0.0010151601197542,-0.022320078422486657,-0.1140763910660404,-0.022320078422486657
17.35,-0.0010088694720752,-0.022351583102100142,-0.1145078637600684,-0.022351583102100142
17.36,-0.0007096457061746,-0.022338631318070998,-0.1146855608355097,-0.022338631318070998
17.37,-0.0005806794550846,-0.022190784111480115,-0.1149322021389035,-0.022190784111480115
17.38,-0.0004715624935568,-0.022147359611680677,-0.1154112147020647,-0.022147359611680677
17.39,-0.0003625690768756,-0.022289580334042255,-0.1155823245735074,-0.022289580334042255
17.4,-0.0001461243742974,-0.022541709289834462,-0.116055973041162,-0.022541709289834462
17.41,-6.237626380979245e-05,-0.02276150940530415,-0.116409931815986,-0.02276150940530415
17.42,6.631981177442528e-05,-0.02275293543229552,-0.1165854594461611,-0.02275293543229552
17.43,0.0002097290719809,-0.022767119855442365,-0.1169323181868372,-0.022767119855442365
17.44,0.0003905176120281,-0.022690972385982104,-0.1172839112288934,-0.022690972385982104
17.45,0.0005143212064871,-0.022536267074214328,-0.1174959623345101,-0.022536267074214328
17.46,0.000673295076184,-0.022277111266959436,-0.1178481155414272,-0.022277111266959436
17.47,0.0007603449255828,-0.02219274919772935,-0.1182513654370817,-0.02219274919772935
17.48,0.001043372060117,-0.021373504376468837,-0.1181804604054627,-0.021373504376468837
17.49,0.0012320226921272,-0.020872912703655676,-0.118479050103927,-0.020872912703655676
17.5,0.0013330068391958,-0.020505959997960434,-0.1187544526199521,-0.020505959997960434
17.51,0.0015043487000071,-0.020385285657860013,-0.1190132658920695,-0.020385285657860013
17.52,0.0016898386290733,-0.020512052671759068,-0.1192749985417753,-0.020512052671759068
17.53,0.0016829085017825,-0.020646750116353654,-0.1193748661999112,-0.020646750116353654
17.54,0.0019051754263783,-0.020809757491963843,-0.1194489172072886,-0.020809757491963843
17.55,0.0021535818145984,-0.02071128537522133,-0.1197265888829534,-0.02071128537522133
17.56,0.0021764146168155,-0.020556570021013167,-0.1198064241883205,-0.020556570021013167
17.57,0.0024310822746507,-0.02052530801191608,-0.1200882131606738,-0.02052530801191608
17.58,0.0026936811676708,-0.020387504060823458,-0.1202006841259338,-0.020387504060823458
17.59,0.0028011822403962,-0.020235247009036776,-0.1204532073527322,-0.020235247009036776
17.6,0.0029876398139769,-0.020139357800377372,-0.1206360831283638,-0.020139357800377372
17.61,0.0031698977773993,-0.020074516961882602,-0.1207496225578245,-0.020074516961882602
17.62,0.0033345687351381,-0.019892366591827422,-0.1210128082000901,-0.019892366591827422
17.63,0.003515617950364,-0.019669206525653044,-0.1211827769940505,-0.019669206525653044
17.64,0.0036318048524536,-0.019295791545778873,-0.1213701196368677,-0.019295791545778873
17.65,0.0037320406506375,-0.0189162175267297,-0.1215650875076953,-0.0189162175267297
17.66,0.0039636906017958,-0.018685210750062235,-0.1216161460990186,-0.018685210750062235
17.67,0.0039916550694002,-0.018387197442591395,-0.1216679870953224,-0.018387197442591395
17.68,0.0042048654737071,-0.018190409809899416,-0.1217938945069811,-0.018190409809899416
17.69,0.0042610128527369,-0.01809933887182994,-0.1218123377961143,-0.01809933887182994
17.7,0.0045050806612053,-0.01805345264671624,-0.1222406031511374,-0.01805345264671624
17.71,0.00462810775373,-0.01800564277873358,-0.1223971094032634,-0.01800564277873358
17.72,0.0048072588882599,-0.01800792591213063,-0.1224993359690665,-0.01800792591213063
17.73,0.0049575801624613,-0.018022131054120316,-0.1225185759063803,-0.018022131054120316
17.74,0.0051900213273764,-0.018006770553405306,-0.1227452267060121,-0.018006770553405306
17.75,0.0052179800773927,-0.01798222501525469,-0.1226842306993232,-0.01798222501525469
17.76,0.0054460344819312,-0.01795910648011064,-0.1234111517580991,-0.01795910648011064
17.77,0.0055636280417121,-0.017987236525027192,-0.1233984829978767,-0.017987236525027192
17.78,0.0058009820095096,-0.017892624361848075,-0.1234454417873494,-0.017892624361848075
17.79,0.0059341882642624,-0.017668637816928193,-0.1234377274288243,-0.017668637816928193
17.8,0.0060764494378451,-0.017332154334837972,-0.1234961294716592,-0.017332154334837972
17.81,0.00606403280451,-0.017011578498541263,-0.1237865467451386,-0.017011578498541263
17.82,0.0062427522352681,-0.016658652678922255,-0.1240306288048933,-0.016658652678922255
17.83,0.0064012085385916,-0.016450798790853753,-0.1242624260854573,-0.016450798790853753
17.84,0.0064874723106643,-0.016071497271914675,-0.1242534531282159,-0.016071497271914675
17.85,0.0065870411803554,-0.015872628017764998,-0.1244323373158836,-0.015872628017764998
17.86,0.0067636930962014,-0.015705977723544397,-0.1247439961381286,-0.015705977723544397
17.87,0.0068558570626878,-0.015522022894809993,-0.1248836356465624,-0.015522022894809993
17.88,0.0070212868017613,-0.015435396550113709,-0.1251840970048619,-0.015435396550113709
17.89,0.0072058008246381,-0.015462709383029745,-0.1252901964433429,-0.015462709383029745
17.9,0.0072763312616354,-0.015547597490084924,-0.1253888747629193,-0.015547597490084924
17.91,0.0074030100809969,-0.015554697323210253,-0.1256012471499299,-0.015554697323210253
17.92,0.0076274554128819,-0.015519404024517625,-0.1257814193873723,-0.015519404024517625
17.93,0.0077921931657981,-0.01553413755026729,-0.1259899602033641,-0.01553413755026729
17.94,0.0080698740671577,-0.015433531974599679,-0.1260385370978318,-0.015433531974599679
17.95,0.0082384878378395,-0.01525113461761195,-0.1263265957443082,-0.01525113461761195
17.96,0.0083504107106639,-0.01501176999122016,-0.1265514835772008,-0.01501176999122016
17.97,0.0084801730957302,-0.014769392947128514,-0.1267670245922883,-0.014769392947128514
17.98,0.0085814451979786,-0.014304585693058636,-0.1266998603783345,-0.014304585693058636
17.99,0.0088382563609202,-0.013789061402399345,-0.1269001556643186,-0.013789061402399345
18.0,0.0090692056201854,-0.01332183515460075,-0.1270382893124431,-0.01332183515460075
18.01,0.0088981171683782,-0.011132914926849806,-0.12713496652086,-0.011132914926849806
18.02,0.0090243306829245,-0.00926457485154359,-0.1272070623581383,-0.00926457485154359
18.03,0.0091516437497408,-0.007942563100916001,-0.1272578954443169,-0.007942563100916001
18.04,0.00927561800757,-0.007189510016001471,-0.1275813690917878,-0.007189510016001471
18.05,0.0093090187248929,-0.007032283737525433,-0.1278157114809135,-0.007032283737525433
18.06,0.0097835703131226,-0.007259438349901129,-0.1279165607035044,-0.007259438349901129
18.07,0.0099464134569615,-0.007812956942638956,-0.1282904483276975,-0.007812956942638956
18.08,0.0097384325921327,-0.007927987468584176,-0.1284004309765114,-0.007927987468584176
18.09,0.0098884248325268,-0.008268955220160239,-0.128648353767569,-0.008268955220160239
18.1,0.0100668104157364,-0.008654853641798656,-0.128589694507294,-0.008654853641798656
18.11,0.0101758457832696,-0.008999444087665388,-0.1287516807781619,-0.008999444087665388
18.12,0.0103781817314004,-0.009433211950083526,-0.1290605180157704,-0.009433211950083526
18.13,0.0104997566254446,-0.009780693140507994,-0.1293600818250227,-0.009780693140507994
18.14,0.0107630280193708,-0.010013494083823626,-0.1294788346508327,-0.010013494083823626
18.15,0.0108923893529112,-0.010043223889676718,-0.1296281632956211,-0.010043223889676718
18.16,0.0111852893156589,-0.00906022439857591,-0.1297622563164834,-0.00906022439857591
18.17,0.0114282813393373,-0.008073784651588135,-0.1299943700043609,-0.008073784651588135
18.18,0.0116884782682053,-0.0071980363262154345,-0.13030301311554,-0.0071980363262154345
18.19,0.0118161991896387,-0.00640588664747227,-0.1303786277800132,-0.00640588664747227
18.2,0.0120649842006128,-0.005810964006468078,-0.130733940275261,-0.005810964006468078
18.21,0.0121974544428077,-0.005461690640956359,-0.1308190007019538,-0.005461690640956359
18.22,0.0125805656964553,-0.00531349044795849,-0.1314425737841724,-0.00531349044795849
18.23,0.012647259543957,-0.005373615551364591,-0.1315463032242153,-0.005373615551364591
18.24,0.0128720315025901,-0.00554697309836702,-0.1318280975657297,-0.00554697309836702
18.25,0.0129955881202171,-0.00573035014250917,-0.131959917072952,-0.00573035014250917
18.26,0.0133606748995504,-0.005894524599086893,-0.1322450703373429,-0.005894524599086893
18.27,0.013554598970266,-0.006013825844657393,-0.1323718267812562,-0.006013825844657393
18.28,0.0138074355806199,-0.006055347752356648,-0.1326475424667989,-0.006055347752356648
18.29,0.0140344792754603,-0.005963100997506979,-0.1327855977717529,-0.005963100997506979
18.3,0.0142457646687114,-0.005769225605225511,-0.1330876878709809,-0.005769225605225511
18.31,0.0144497482415693,-0.005405359668478795,-0.1332852266140192,-0.005405359668478795
18.32,0.014810940782356,-0.004939807956077322,-0.1336526439393108,-0.004939807956077322
18.33,0.0150678651694353,-0.004413323720938705,-0.133902257179772,-0.004413323720938705
18.34,0.0153410826845168,-0.0038495741685246367,-0.1341472481837464,-0.0038495741685246367
18.35,0.015570327072138,-0.003299022153932761,-0.1342805277517761,-0.003299022153932761
18.36,0.0158247630188038,-0.002729497080766058,-0.1346056672835512,-0.002729497080766058
18.37,0.0161719184900895,-0.002204502418486066,-0.1348258727211006,-0.002204502418486066
18.38,0.0164355400577982,-0.001713517397642094,-0.134894729883067,-0.001713517397642094
18.39,0.0166906854761597,-0.0012970070050043261,-0.1351677988882869,-0.0012970070050043261
18.4,0.0170262268010228,-0.0009320089223776237,-0.1352856694377602,-0.0009320089223776237
18.41,0.0173368875754373,-0.0006308156369757706,-0.1354200734272103,-0.0006308156369757706
18.42,0.0176053253832092,-0.0003523835049337523,-0.1357615606476162,-0.0003523835049337523
18.43,0.0179031944413427,-0.00010840642925978583,-0.1359634372485009,-0.00010840642925978583
18.44,0.0181797922773324,0.0001757168560179486,-0.1361870836369605,0.0001757168560179486
18.45,0.0184784973120608,0.00044935015291506196,-0.1364265201065961,0.00044935015291506196
18.46,0.0187801561062789,0.0007346767358748785,-0.1365617069251324,0.0007346767358748785
18.47,0.0191547836438662,0.001020400206135929,-0.1367545322705986,0.001020400206135929
18.48,0.0194967315594422,0.0013462946254070123,-0.1370744336437727,0.0013462946254070123
18.49,0.019712640766218,0.0016487815128738755,-0.1371378141517466,0.0016487815128738755
18.5,0.0200403980590787,0.0019745390216183017,-0.1372416200960775,0.0019745390216183017
18.51,0.0203551225281798,0.0022999508022140593,-0.1374577487598056,0.0022999508022140593
18.52,0.0207371898030301,0.002659755500127061,-0.1376092682257418,0.002659755500127061
18.53,0.0210909962255956,0.0030486655499668627,-0.1379406330093801,0.0030486655499668627
18.54,0.0213287809888154,0.003442997123858496,-0.1379969609530824,0.003442997123858496
18.55,0.0215464006133626,0.0038643989271308875,-0.1380986527214587,0.0038643989271308875
18.56,0.0218744406920732,0.0042695407012332594,-0.1384147731484446,0.0042695407012332594
18.57,0.0222301656724949,0.004676634687181871,-0.1387192820623522,0.004676634687181871
18.58,0.0226147819856246,0.005087770054629917,-0.1387898354936536,0.005087770054629917
18.59,0.0228694041589288,0.00549439013839079,-0.1391783340502932,0.00549439013839079
18.6,0.0230863271384707,0.00590273616585733,-0.1392340060918359,0.00590273616585733
18.61,0.0233664961073648,0.006300936165220818,-0.139369422290372,0.006300936165220818
18.62,0.023800129898789,0.006689215403264167,-0.1397613759579192,0.006689215403264167
18.63,0.0240110471123294,0.007061941796657983,-0.1399391386483677,0.007061941796657983
18.64,0.0243601499327657,0.007434545606331234,-0.1401201091832535,0.007434545606331234
18.65,0.024707780445576,0.007801453497504594,-0.140576932904461,0.007801453497504594
18.66,0.0249389214640513,0.008177059621913067,-0.1406150339230068,0.008177059621913067
18.67,0.0253155125933836,0.008547579486949886,-0.1408683808130418,0.008547579486949886
18.68,0.0256031200529823,0.00892712185808648,-0.1410645799353785,0.00892712185808648
18.69,0.0259593367315051,0.00930569390773479,-0.1413518676966298,0.00930569390773479
18.7,0.0262308224019173,0.009701455984188164,-0.1414348500262462,0.009701455984188164
18.71,0.0266140994954796,0.010095559224104154,-0.141795964704949,0.010095559224104154
18.72,0.0267884041325784,0.010478361887875678,-0.1416908447032448,0.010478361887875678
18.73,0.027210645515825,0.010867537458353446,-0.1422167328460004,0.010867537458353446
18.74,0.0274263869938441,0.011264521373199377,-0.1422692073426628,0.011264521373199377
18.75,0.0276354988782044,0.011662807303660696,-0.1423114723829623,0.011662807303660696
18.76,0.0279546955759909,0.012060096742675623,-0.1424745532772182,0.012060096742675623
18.77,0.0281729946976131,0.012452544831347372,-0.1426007876118228,0.012452544831347372
18.78,0.0283163694170439,0.012831790312080916,-0.1423695766610384,0.012831790312080916
18.79,0.0286149360471481,0.013180688101242063,-0.1423595889686771,0.013180688101242063
18.8,0.0287761433920279,0.013506500443725197,-0.142302012039913,0.013506500443725197
18.81,0.0287959174665037,0.013800197891010871,-0.1418588821481987,0.013800197891010871
18.82,0.0288444233043336,0.014064597776379003,-0.1414651650283293,0.014064597776379003
18.83,0.0288740668439832,0.014290295463455043,-0.1410234031329865,0.014290295463455043
18.84,0.0288280963192092,0.01448419270765468,-0.1405896362077396,0.01448419270765468
18.85,0.0287696685360966,0.01464434966025579,-0.1400948869506299,0.01464434966025579
18.86,0.0287212339788179,0.014763907640673217,-0.1391488012050688,0.014763907640673217
18.87,0.0285331310721909,0.014850037644583888,-0.138392379527846,0.014850037644583888
18.88,0.0285163239142432,0.014902480060675696,-0.1376576776574802,0.014902480060675696
18.89,0.0282699542909184,0.01489037739930078,-0.1367061380845314,0.01489037739930078
18.9,0.0280451959533227,0.014859585977739767,-0.1358109283580965,0.014859585977739767
18.91,0.027785786542912,0.014812248752322869,-0.1346240000676477,0.014812248752322869
18.92,0.0276230178897301,0.014751426972090685,-0.1337342950499372,0.014751426972090685
18.93,0.0273539985487115,0.014676293296034747,-0.1323763830984286,0.014676293296034747
18.94,0.0270959984179938,0.01459285099909146,-0.1313174226529032,0.01459285099909146
18.95,0.0267893567556265,0.01448420049255346,-0.1299168497243219,0.01448420049255346
18.96,0.0264642497457324,0.01436082996598465,-0.1284470358418021,0.01436082996598465
18.97,0.0260087998556911,0.01423300297699346,-0.127126463018742,0.01423300297699346
18.98,0.0254163174932035,0.014097327593372734,-0.1255416434583136,0.014097327593372734
18.99,0.0249024407584801,0.01395161678076258,-0.1239579745483621,0.01395161678076258
19.0,0.0243843642837172,0.013805640700133437,-0.1222092830915775,0.013805640700133437
19.01,0.023915838074145,0.01366246705315314,-0.1205832823762856,0.01366246705315314
19.02,0.0235189166535628,0.013520881225097278,-0.1191141132432578,0.013520881225097278
19.03,0.0230771075708242,0.013382312638673025,-0.117639622988129,0.013382312638673025
19.04,0.0227135940843443,0.013241445658494982,-0.11599662195596,0.013241445658494982
19.05,0.0223982903779824,0.013103997252609249,-0.1145056194317721,0.013103997252609249
19.06,0.022158488638395,0.012971164036361005,-0.1130040609873164,0.012971164036361005
19.07,0.0218854616937523,0.012857011065793036,-0.1115751940514995,0.012857011065793036
19.08,0.0216452971506843,0.012751513552812056,-0.1103678699881052,0.012751513552812056
19.09,0.02139735117325,0.01267098384238348,-0.1091014893523192,0.01267098384238348
19.1,0.021168628699608,0.01261769935056745,-0.1077827396137474,0.01261769935056745
19.11,0.0210506596526883,0.01257693520327565,-0.1064378413361183,0.01257693520327565
19.12,0.0206639990260814,0.012559386123518472,-0.1052987899344551,0.012559386123518472
19.13,0.0203305280574825,0.012565657988981288,-0.1040532870733879,0.012565657988981288
19.14,0.0201181274137795,0.01260258712841628,-0.1029768888973256,0.01260258712841628
19.15,0.0198156182795357,0.012644247468339814,-0.101767139852985,0.012644247468339814
19.16,0.0194911998576961,0.0126959816855889,-0.1006631756946035,0.0126959816855889
19.17,0.0192061506413248,0.012742199399767305,-0.0996831129014607,0.012742199399767305
19.18,0.0189471246757844,0.01277734294151052,-0.0985594948838051,0.01277734294151052
19.19,0.0186859284064877,0.01281928303623775,-0.0975080712692513,0.01281928303623775
19.2,0.0183458383258686,0.012838081494409657,-0.0964871388487411,0.012838081494409657
19.21,0.0179910922164727,0.0128486774768641,-0.0954942771407358,0.0128486774768641
19.22,0.0177927858825105,0.012846361519984521,-0.094530624086675,0.012846361519984521
19.23,0.0176442563283605,0.012827774598993168,-0.093595462917354,0.012827774598993168
19.24,0.0172520026595791,0.012803345212553668,-0.0925007274660594,0.012803345212553668
19.25,0.0171395452668606,0.012792906871053313,-0.0916420591915635,0.012792906871053313
19.26,0.0169187308220267,0.012769592051453262,-0.0907860905379675,0.012769592051453262
19.27,0.0166641741577797,0.012760465869528191,-0.0898470541954041,0.012760465869528191
19.28,0.0164160506328047,0.012753450341866002,-0.088808276183379,0.012753450341866002
19.29,0.016224074787212,0.012741662218500935,-0.0879162735106188,0.012741662218500935
19.3,0.0160307084030974,0.012732632359176136,-0.0870644207453007,0.012732632359176136
19.31,0.0157711352876395,0.01272957701449658,-0.0861251992314389,0.01272957701449658
19.32,0.0157198030845739,0.012730027432498424,-0.0853362889137314,0.012730027432498424
19.33,0.0153814117216566,0.012726742382169528,-0.0842347797533672,0.012726742382169528
19.34,0.0152620691512821,0.01273803701773928,-0.0834471980327273,0.01273803701773928
19.35,0.0152084865426646,0.012728922160427899,-0.0826045796040115,0.012728922160427899
19.36,0.0150859069593178,0.012719927108982933,-0.0817543757850287,0.012719927108982933
19.37,0.0150269685191421,0.012711067406348609,-0.0809765035950255,0.012711067406348609
19.38,0.0149321282584196,0.012705086675791082,-0.0801789863396801,0.012705086675791082
19.39,0.0147759190993119,0.012709958376859062,-0.0793139478225061,0.012709958376859062
19.4,0.0146565629920098,0.012724972581291688,-0.0783878870759528,0.012724972581291688
19.41,0.0145761747420403,0.012738497593968941,-0.0776542794493771,0.012738497593968941
19.42,0.0145205411641501,0.01275176841752774,-0.0771282822958651,0.01275176841752774
19.43,0.0144015124055525,0.01276161081857926,-0.0763118404745529,0.01276161081857926
19.44,0.0144254386560741,0.012770096939479107,-0.0756695916268268,0.012770096939479107
19.45,0.0143602243083391,0.01276927109456862,-0.0750138432093516,0.01276927109456862
19.46,0.0143558986332282,0.012754179322967072,-0.0744771642912697,0.012754179322967072
19.47,0.0142804700667541,0.012727832298765748,-0.0738006642474391,0.012727832298765748
19.48,0.0142154890635375,0.012701530007035809,-0.0731414392808231,0.012701530007035809
19.49,0.0142223235961107,0.01267603200706252,-0.0725671114933658,0.01267603200706252
19.5,0.0142765634768151,0.012649643509190057,-0.0721483714802047,0.012649643509190057
19.51,0.014253321308194,0.012626501300463472,-0.0715233056407873,0.012626501300463472
19.52,0.0142384160235481,0.01260750547813717,-0.0709687847780853,0.01260750547813717
19.53,0.0142977526757054,0.012601928055342777,-0.0705711059695069,0.012601928055342777
19.54,0.0142294326362472,0.012616247458180551,-0.0699188504499587,0.012616247458180551
19.55,0.0142773610957768,0.012640366262463714,-0.0693967350856091,0.012640366262463714
19.56,0.0143379119959512,0.012678496468309305,-0.0690133467492731,0.012678496468309305
19.57,0.0143079540869426,0.012712580228317628,-0.0685972713731586,0.012712580228317628
19.58,0.0143830089222957,0.012747806970173081,-0.0678539388741376,0.012747806970173081
19.59,0.0143862685667548,0.012776038411951619,-0.0673424137930022,0.012776038411951619
19.6,0.014429488948617,0.012800236741493654,-0.0670689126578181,0.012800236741493654
19.61,0.0143964169626375,0.012825469135410918,-0.0666036377101435,0.012825469135410918
19.62,0.0143584240978927,0.012844276619974544,-0.0661322405845831,0.012844276619974544
19.63,0.014477667386371,0.012856864269716675,-0.0658509093562872,0.012856864269716675
19.64,0.0143165638360146,0.012857956567284728,-0.0654016841956322,0.012857956567284728
19.65,0.0145262733924918,0.0128542822695981,-0.0652278035374936,0.0128542822695981
19.66,0.0146566745944262,0.012851118443571001,-0.0648862156278765,0.012851118443571001
19.67,0.0146565427809184,0.012846618400812368,-0.0646132329980976,0.012846618400812368
19.68,0.0147926035379261,0.012843364129858627,-0.064334187941253,0.012843364129858627
19.69,0.0147921819220389,0.012839426611472433,-0.063994451988556,0.012839426611472433
19.7,0.0147936511071556,0.01282533620995059,-0.0636606338134113,0.01282533620995059
19.71,0.0148797369789509,0.012824842183768777,-0.0634199600707575,0.012824842183768777
19.72,0.0150517665860315,0.012827172436753378,-0.0633194268337667,0.012827172436753378
19.73,0.0151479585488237,0.012843295672570056,-0.0630639732848971,0.012843295672570056
19.74,0.015153691283166,0.012867457275576467,-0.0626798966826518,0.012867457275576467
19.75,0.0151825711673931,0.012905889807319115,-0.0623390296421277,0.012905889807319115
19.76,0.0153516201767375,0.012944458532977408,-0.0621660141540149,0.012944458532977408
19.77,0.0154756321974235,0.012980627594768118,-0.0620183979149763,0.012980627594768118
19.78,0.0155607794909143,0.01301244970160531,-0.0617212905080003,0.01301244970160531
19.79,0.0155759360807139,0.013048941517074442,-0.0614137714037143,0.013048941517074442
19.8,0.015673560240726,0.013082472803236352,-0.0613186456200725,0.013082472803236352
19.81,0.0157450276056902,0.013108458076515738,-0.0611843052290606,0.013108458076515738
19.82,0.0157738168269097,0.013132780813984734,-0.0610400480033849,0.013132780813984734
19.83,0.0158881919028513,0.01315704101351428,-0.060907835863713,0.01315704101351428
19.84,0.015966682744222,0.013173436223958593,-0.060824506311122,0.013173436223958593
19.85,0.0160124380293558,0.013189646182814103,-0.060836099415845,0.013189646182814103
19.86,0.0161283637967977,0.013214051358785294,-0.0607168663360728,0.013214051358785294
19.87,0.0161974183184847,0.013231850124268096,-0.0607861786914152,0.013231850124268096
19.88,0.0162638341869889,0.013258024590307602,-0.0607426200252146,0.013258024590307602
19.89,0.0164346190353842,0.013285286353274877,-0.0608105219158339,0.013285286353274877
19.9,0.0165978326767868,0.013303689338554761,-0.0608062892827944,0.013303689338554761
19.91,0.0167344266737237,0.013328236981319366,-0.060836445356303,0.013328236981319366
19.92,0.0167807851322197,0.013358215118256645,-0.0607886989633805,0.013358215118256645
19.93,0.0170252929342022,0.013394265888738946,-0.0609742453117738,0.013394265888738946
19.94,0.0171194880529648,0.013420658776767505,-0.0611325895809941,0.013420658776767505
19.95,0.0172545034853937,0.01343837635139817,-0.0612729957504125,0.01343837635139817
19.96,0.0173496308658295,0.013456464489502884,-0.0613691254333352,0.013456464489502884
19.97,0.0175274211033055,0.01348366343464358,-0.0614864491203,0.01348366343464358
19.98,0.0176006378888667,0.01351461839964237,-0.0615514443426228,0.01351461839964237
19.99,0.0177485467541938,0.013549038691114118,-0.0616454150278198,0.013549038691114118
20.0,0.0178726358044231,0.013590521544365948,-0.0616903546132498,0.013590521544365948
20.01,0.0180565428434364,0.013629740757062204,-0.0619859817142638,0.013629740757062204
20.02,0.0182150552366583,0.013668067513054239,-0.0620627627458196,0.013668067513054239
20.03,0.0184902053452909,0.01371311983383368,-0.0622387501127312,0.01371311983383368
20.04,0.0186255162939234,0.013761454992231617,-0.0623855753569502,0.013761454992231617
20.05,0.0187264780570373,0.013804068251642534,-0.0625898018799505,0.013804068251642534
20.06,0.0188336167787112,0.01384595536914969,-0.062763554889367,0.01384595536914969
20.07,0.0189929948767247,0.013884319092866203,-0.0629197543693589,0.013884319092866203
20.08,0.019209293525315,0.013922329769217607,-0.0631618524637943,0.013922329769217607
20.09,0.0192678434769245,0.013961832971724791,-0.0633298706925626,0.013961832971724791
20.1,0.0193681800612095,0.013998604260475809,-0.063558664695583,0.013998604260475809
20.11,0.0196065288348445,0.014034063221733712,-0.0638051851778658,0.014034063221733712
20.12,0.0197033247651077,0.014067071565927933,-0.0639899213880095,0.014067071565927933
20.13,0.0198569678933166,0.014100739760484872,-0.0642133637677694,0.014100739760484872
20.14,0.0200384487810809,0.014127047088974321,-0.0645458103306085,0.014127047088974321
20.15,0.0200549696347222,0.014151742742226862,-0.0646186273023003,0.014151742742226862
20.16,0.0202600290434144,0.014182420243741651,-0.0649052353877251,0.014182420243741651
20.17,0.0203845376098188,0.014217653667008806,-0.0651037616552188,0.014217653667008806
20.18,0.0204833865988129,0.014252446675842452,-0.0653338582762796,0.014252446675842452
20.19,0.0206234955454577,0.014288328950941684,-0.0655624882063185,0.014288328950941684
20.2,0.0207238217837308,0.014326163415053914,-0.0657722346325112,0.014326163415053914
20.21,0.0208648056312275,0.014365035378576545,-0.0660328325696242,0.014365035378576545
20.22,0.02094815400769,0.014407546200592104,-0.0662578071120436,0.014407546200592104
20.23,0.0208765629848096,0.014445742628858666,-0.0663875589331904,0.014445742628858666
20.24,0.0211325526113049,0.01448083138991322,-0.066754679409214,0.01448083138991322
20.25,0.0212395094287537,0.014509805090415563,-0.0669281857374094,0.014509805090415563
20.26,0.0213050684667117,0.014550852970571267,-0.0672398703059785,0.014550852970571267
20.27,0.0213217591523989,0.01457573893305269,-0.0674147176252289,0.01457573893305269
20.28,0.0215078615880561,0.01460424976487384,-0.0677026358752526,0.01460424976487384
20.29,0.0215852999363145,0.014637295393729438,-0.067938064837805,0.014637295393729438
20.3,0.021629029230235,0.014672662916946463,-0.068073394372477,0.014672662916946463
20.31,0.0217599642524558,0.014706295254441403,-0.0683527496994032,0.014706295254441403
20.32,0.0219141981805469,0.014742214782918404,-0.0687274004932749,0.014742214782918404
20.33,0.0219265360062645,0.014773905313425761,-0.0687677441863614,0.014773905313425761
20.34,0.0220634475754983,0.014807684695238854,-0.0689896772267296,0.014807684695238854
20.35,0.0220034160773816,0.014840936144984796,-0.0690141057577915,0.014840936144984796
20.36,0.0221110444843618,0.014878340806776243,-0.0692467786792724,0.014878340806776243
20.37,0.0221926963448522,0.014918256899274328,-0.0695335644665456,0.014918256899274328
20.38,0.0220241932870613,0.014952305459103563,-0.0698117023068748,0.014952305459103563
20.39,0.0221117548993637,0.014971325367982726,-0.0700404972979591,0.014971325367982726
20.4,0.0222742070920645,0.014998474908372876,-0.0702220247735822,0.014998474908372876
20.41,0.0222641839195925,0.015028606122095783,-0.0703291628892759,0.015028606122095783
20.42,0.0224114275803596,0.015062274937408563,-0.070514033365713,0.015062274937408563
20.43,0.022463728203618,0.01510086491969304,-0.0706163729439057,0.01510086491969304
20.44,0.0224878780421311,0.015139368081820039,-0.0708006905182171,0.015139368081820039
20.45,0.0225975847038402,0.015175981469524258,-0.0709566291902038,0.015175981469524258
20.46,0.0227226767878557,0.015211276875828387,-0.0711264371852784,0.015211276875828387
20.47,0.0227481792087329,0.015242441133527528,-0.0711509495541996,0.015242441133527528
20.48,0.0228543031445333,0.015273442208575787,-0.0713886932117174,0.015273442208575787
20.49,0.022955774400713,0.0152977222774345,-0.0713451614692093,0.0152977222774345
20.5,0.0229659153894653,0.015324503332150578,-0.0714776820577375,0.015324503332150578
20.51,0.0230151142432315,0.015348413525383839,-0.0715313994476399,0.015348413525383839
20.52,0.0230786163430528,0.015372082796704352,-0.0716361994945472,0.015372082796704352
20.53,0.0230976119183933,0.015393422669051146,-0.0716467896111621,0.015393422669051146
20.54,0.0232083092282711,0.015418460066991404,-0.0718293722504608,0.015418460066991404
20.55,0.0232294558616689,0.01544244335970713,-0.0718650792776016,0.01544244335970713
20.56,0.0232969292314181,0.015465617291914301,-0.0719318649219525,0.015465617291914301
20.57,0.0234305996681189,0.015487732388075715,-0.0719515733694256,0.015487732388075715
20.58,0.0235293692054661,0.015512138566666781,-0.0720984401606231,0.015512138566666781
20.59,0.0235887545314903,0.01553543833753648,-0.0721740177091662,0.01553543833753648
20.6,0.0236825806117041,0.015559707793004564,-0.0721727975813307,0.015559707793004564
20.61,0.0236923936124349,0.015582320881213708,-0.0721693980897839,0.015582320881213708
20.62,0.0239156266961963,0.015601688020960515,-0.0722573961205258,0.015601688020960515
20.63,0.0238598004288259,0.015622008423187008,-0.0722095186449467,0.015622008423187008
20.64,0.0239436354720108,0.015643850425789866,-0.0722405340772581,0.015643850425789866
20.65,0.0240599059345502,0.01566381049476155,-0.0722436747719756,0.01566381049476155
20.66,0.024105574806089,0.015685756780039903,-0.0723247583340674,0.015685756780039903
20.67,0.0242965148511176,0.015702213371249274,-0.072448443359218,0.015702213371249274
20.68,0.0243943451801474,0.015717656075281326,-0.0724072029791591,0.015717656075281326
20.69,0.024396394250999,0.015738752188770945,-0.0724781952548649,0.015738752188770945
20.7,0.0245124427238991,0.015760461478771418,-0.0724747454607988,0.015760461478771418
20.71,0.0244941945163129,0.01578198867846434,-0.0723549639942628,0.01578198867846434
20.72,0.0245975304458184,0.01580303417022057,-0.0724159753691712,0.01580303417022057
20.73,0.0247116569305718,0.015821986265916462,-0.0723186048621087,0.015821986265916462
20.74,0.0247727641469533,0.015848059387819222,-0.0722633155955756,0.015848059387819222
20.75,0.0247363524444147,0.015866345487309527,-0.0720249250770103,0.015866345487309527
20.76,0.0248057274176712,0.015883871500816268,-0.0719566413397636,0.015883871500816268
20.77,0.0248207093401798,0.015902433210025258,-0.0718450996195206,0.015902433210025258
20.78,0.0249706421209583,0.015914386959671362,-0.0717414378637648,0.015914386959671362
20.79,0.0250109029782178,0.01593214797350762,-0.0716171550223396,0.01593214797350762
20.8,0.0250593560996631,0.01594967685519843,-0.071620338173548,0.01594967685519843
20.81,0.0249886976740794,0.015973141344251467,-0.0713599701762625,0.015973141344251467
20.82,0.0250746259539087,0.0159902813722651,-0.0713788878308926,0.0159902813722651
20.83,0.0251948531055263,0.016009697809545805,-0.0713986790410089,0.016009697809545805
20.84,0.0253044607100841,0.01602832904172086,-0.0712207908858757,0.01602832904172086
20.85,0.0253421100649153,0.016047414090347312,-0.0710950153692176,0.016047414090347312
20.86,0.0252940864748797,0.016063593711881253,-0.0707927535946092,0.016063593711881253
20.87,0.0252534328441889,0.016076292631634504,-0.0705410505714707,0.016076292631634504
20.88,0.0253784533484044,0.01609115853503061,-0.0705115314968166,0.01609115853503061
20.89,0.0252928077957516,0.016102979843602747,-0.0702068080572376,0.016102979843602747
20.9,0.0253016584282981,0.016116444990856547,-0.0700161034339738,0.016116444990856547
20.91,0.0252567101739414,0.01613010384954692,-0.0698860740213371,0.01613010384954692
20.92,0.0252972890794183,0.016139968400134246,-0.0696439576025463,0.016139968400134246
20.93,0.0252839374508291,0.01615439120237665,-0.0693884854884185,0.01615439120237665
20.94,0.0253098980674131,0.01616928255144762,-0.0691793918723192,0.01616928255144762
20.95,0.0254847321709564,0.016184974150386906,-0.0691025911878888,0.016184974150386906
20.96,0.0254169800390603,0.016203363117819062,-0.068855817997305,0.016203363117819062
20.97,0.0255021584035012,0.016222555904653192,-0.0686999812717302,0.016222555904653192
20.98,0.0255212846561328,0.01623803598127245,-0.068519055101601,0.01623803598127245
20.99,0.0253499834984328,0.01625366502622099,-0.0681680164033379,0.01625366502622099
21.0,0.0254505915510094,0.016268937098775423,-0.0680111853779551,0.016268937098775423
21.01,0.0254382785094458,0.016287396116317066,-0.0677425191380351,0.016287396116317066
21.02,0.0256077559021244,0.016300774148283743,-0.0674955605505544,0.016300774148283743
21.03,0.0253874027128727,0.01631690091423691,-0.0671613647540882,0.01631690091423691
21.04,0.0255250612488114,0.016331171284976558,-0.0670584581776474,0.016331171284976558
21.05,0.0255291352041469,0.016342373143340416,-0.0669169462296464,0.016342373143340416
21.06,0.0255210320425833,0.016351477599041268,-0.0667505577365842,0.016351477599041268
21.07,0.025498416062398,0.01635807287300445,-0.0663607218168308,0.01635807287300445
21.08,0.0254404005657038,0.016368139288141816,-0.0661065036136914,0.016368139288141816
21.09,0.0254911476402974,0.016379103918638175,-0.0658214657593667,0.016379103918638175
21.1,0.0254474825759285,0.016388997373543622,-0.0655783850509004,0.016388997373543622
21.11,0.0254859508155197,0.016397907346949025,-0.0654739915660813,0.016397907346949025
21.12,0.0253422048335413,0.016402921704732763,-0.0651988118564796,0.016402921704732763
21.13,0.0253290982976064,0.016410060311735926,-0.0650079478980398,0.016410060311735926
21.14,0.0254319986477883,0.016421200821138293,-0.0649299198616864,0.016421200821138293
21.15,0.0254199697979389,0.016438096301144074,-0.0646643444718656,0.016438096301144074
21.16,0.0254325356187946,0.01645573624209122,-0.0645054819525067,0.01645573624209122
21.17,0.0254187974014785,0.01646104238040858,-0.0643048838991546,0.01646104238040858
21.18,0.0253552588116439,0.01647029957224646,-0.0641999662015635,0.01647029957224646
21.19,0.0252482517826284,0.01647985686286964,-0.0637770956392548,0.01647985686286964
21.2,0.0254002864433055,0.016490407686722722,-0.0636190191497262,0.016490407686722722
21.21,0.0253684376097663,0.016501782063085713,-0.0634208417791262,0.016501782063085713
21.22,0.0254113462798769,0.01651070845682333,-0.0633546924390356,0.01651070845682333
21.23,0.025191217836425,0.016508204804505898,-0.0630112239656118,0.016508204804505898
21.24,0.025314433228191,0.016508340922007366,-0.0629897657140193,0.016508340922007366
21.25,0.0253498191719383,0.01649748079932251,-0.0627847887773879,0.01649748079932251
21.26,0.0253530832444779,0.016494462287308408,-0.0625401064921702,0.016494462287308408
21.27,0.0252518778754158,0.01649354140065588,-0.0623157358219172,0.01649354140065588
21.28,0.025298526379523,0.016494274735341066,-0.062285995449461,0.016494274735341066
21.29,0.0251315793404832,0.016501911228009147,-0.0618527462129651,0.016501911228009147
21.3,0.0252534810460347,0.016515978294553372,-0.0618090431855123,0.016515978294553372
21.31,0.0252710238817286,0.01653770307007767,-0.061765999651547,0.01653770307007767
21.32,0.0251483874131313,0.016560737477434456,-0.0615167451318645,0.016560737477434456
21.33,0.0250024225218814,0.016578334772202885,-0.0613391222372962,0.016578334772202885
21.34,0.0250893974777425,0.016598906243877495,-0.0612401737125292,0.016598906243877495
21.35,0.0250992328464861,0.016621239838221447,-0.0610600160150372,0.016621239838221447
21.36,0.025051136898561,0.016638583214263765,-0.0608772971773778,0.016638583214263765
21.37,0.0249714693864012,0.01664551576115172,-0.0607643242422029,0.01664551576115172
21.38,0.0248500577149118,0.016652485728127088,-0.0605554653840558,0.016652485728127088
21.39,0.0248974469190982,0.01665271277750042,-0.0604485275614186,0.01665271277750042
21.4,0.0250142084254571,0.016656336481021765,-0.0603558898509334,0.016656336481021765
21.41,0.0247714859055839,0.016642325205463795,-0.0601088359555464,0.016642325205463795
21.42,0.0248151742702908,0.016628361260337798,-0.0599255713485853,0.016628361260337798
21.43,0.0248210510823603,0.016624225145299504,-0.0598519909695485,0.016624225145299504
21.44,0.024833971790525,0.01662361840411794,-0.0597062860202968,0.01662361840411794
21.45,0.0245357779831381,0.0166176449684451,-0.0595025244403956,0.0166176449684451
21.46,0.0244865119893226,0.016615457202172133,-0.0593202976432717,0.016615457202172133
21.47,0.0244416247122328,0.016623600084301946,-0.0591853974124158,0.016623600084301946
21.48,0.0244773467535192,0.016642687966781367,-0.0591202060632606,0.016642687966781367
21.49,0.0243472700044771,0.01666040254764288,-0.0590351928272962,0.01666040254764288
21.5,0.0242676178318036,0.016669540515598134,-0.0589941068963906,0.016669540515598134
21.51,0.0243381364839188,0.016677238312737604,-0.0588688201525174,0.016677238312737604
21.52,0.0242717459901946,0.0166873594609574,-0.058617032469634,0.0166873594609574
21.53,0.0242721724457589,0.01670085114299087,-0.058517146213989,0.01670085114299087
21.54,0.0240250768007483,0.01669603737981054,-0.0583567177939512,0.01669603737981054
21.55,0.0239541912131702,0.016699510902971837,-0.0582205570459458,0.016699510902971837
21.56,0.0239990957865781,0.01670779526144106,-0.0582218083691563,0.01670779526144106
21.57,0.0239864953457827,0.01671336436773705,-0.058096785383836,0.01671336436773705
21.58,0.0237565484009243,0.016711674163025873,-0.0579522117388591,0.016711674163025873
21.59,0.0237029901389657,0.016714787081534465,-0.0578233126683609,0.016714787081534465
21.6,0.0237624807290433,0.016713907303983602,-0.0577178065899808,0.016713907303983602
21.61,0.0237908727424942,0.016716085581465742,-0.0577065676618663,0.016716085581465742
21.62,0.0235502127636166,0.016704551055314255,-0.0575664257590169,0.016704551055314255
21.63,0.0235121841399919,0.016699608403458514,-0.0574434512327612,0.016699608403458514
21.64,0.0234877024232094,0.01670643546119462,-0.0573777923362223,0.01670643546119462
21.65,0.023501744849404,0.01671877867223219,-0.0573971490261257,0.01671877867223219
21.66,0.0234644076451369,0.01672862270557691,-0.0573304969943324,0.01672862270557691
21.67,0.02335688902445,0.01673590886212606,-0.0573487655574449,0.01673590886212606
21.68,0.0233523764973871,0.01674781066574828,-0.0572422885253676,0.01674781066574828
21.69,0.0232825663442607,0.01676724657249289,-0.0572008845926888,0.01676724657249289
21.7,0.0232761434746069,0.01678842578891848,-0.0572528979550421,0.01678842578891848
21.71,0.0232049381410108,0.016806040739016304,-0.0572727114902073,0.016806040739016304
21.72,0.0230702427305247,0.016815305044336315,-0.0572101792138025,0.016815305044336315
21.73,0.0230614921107221,0.016818595993070833,-0.0572146153944175,0.016818595993070833
21.74,0.02297202502198,0.0168176920444838,-0.0571084365755006,0.0168176920444838
21.75,0.0228994117103668,0.016810649179597126,-0.057100342467347,0.016810649179597126
21.76,0.0228798489412201,0.01680262391516695,-0.0572483526966426,0.01680262391516695
21.77,0.0227547165960389,0.0167989971657324,-0.0571508429068645,0.0167989971657324
21.78,0.0227952804957489,0.016800935269980243,-0.0571347265642004,0.016800935269980243
21.79,0.0226597233855408,0.01680432510118751,-0.0571344275026819,0.01680432510118751
21.8,0.0226063779221113,0.016795984315971284,-0.057187381717398,0.016795984315971284
21.81,0.0226484422318567,0.01679187380689946,-0.0572412868975859,0.01679187380689946
21.82,0.0226414556610075,0.01679963002899315,-0.0572718098823442,0.01679963002899315
21.83,0.0225124706447777,0.01681232103600239,-0.0573062732926391,0.01681232103600239
21.84,0.022459535898031,0.016815278512188194,-0.0573460145859635,0.016815278512188194
21.85,0.0223946327086002,0.01682405806897814,-0.0574256256467651,0.01682405806897814
21.86,0.0223933315190593,0.016835782329028815,-0.0574220247012489,0.016835782329028815
21.87,0.0223771490974365,0.016850563495217408,-0.0575081317070114,0.016850563495217408
21.88,0.022288183622199,0.016863012548430607,-0.0575823707426644,0.016863012548430607
21.89,0.0222436376567695,0.01686767521882445,-0.0577254267290409,0.01686767521882445
21.9,0.0222485315645699,0.016879892956930622,-0.0577573849826298,0.016879892956930622
21.91,0.0221459748275844,0.016893553740234844,-0.0578145235262747,0.016893553740234844
21.92,0.0222495632970602,0.016905305394023365,-0.0580166660392253,0.016905305394023365
21.93,0.0220691314329385,0.016899500285378358,-0.0579408285554366,0.016899500285378358
21.94,0.0220644303751638,0.01689546958841485,-0.0580116354089093,0.01689546958841485
21.95,0.0220957493775105,0.016892809971201787,-0.0582067977963935,0.016892809971201787
21.96,0.0220476346850224,0.016897194513830784,-0.058238747600524,0.016897194513830784
21.97,0.0219073387685941,0.01688668621970383,-0.0582276205892898,0.01688668621970383
21.98,0.0220289151052957,0.016880151507468303,-0.0584330060083013,0.016880151507468303
21.99,0.0219553294764607,0.016886850041031114,-0.0585145060530707,0.016886850041031114
22.0,0.0218991735694317,0.016889854171428575,-0.0585929521827708,0.016889854171428575
22.01,0.0218349546623547,0.01688835178900619,-0.0587079473027531,0.01688835178900619
22.02,0.0217093327195871,0.016891500124439896,-0.0587193916924446,0.016891500124439896
22.03,0.021856296609856,0.016905621645117497,-0.0589329089626319,0.016905621645117497
22.04,0.0218136533362831,0.016920950725691334,-0.0589671714774664,0.016920950725691334
22.05,0.0217571621211401,0.016933785499087497,-0.0590704688031859,0.016933785499087497
22.06,0.0216496405967215,0.016941542687735397,-0.0591497913366151,0.016941542687735397
22.07,0.0217086512685587,0.01695441840466539,-0.0592963782632083,0.01695441840466539
22.08,0.0216576643885603,0.01697459142018573,-0.0593659038195521,0.01697459142018573
22.09,0.0217038507978009,0.016987316039783682,-0.0595626780585101,0.016987316039783682
22.1,0.0216250655744539,0.016998958296760663,-0.0595800112305473,0.016998958296760663
22.11,0.0216738542087289,0.017003603207905425,-0.0598838560476329,0.017003603207905425
22.12,0.0216479704515178,0.01700777688149916,-0.059889469209064,0.01700777688149916
22.13,0.0216442689694013,0.017007394509400742,-0.0599838726183042,0.017007394509400742
22.14,0.0217364933628117,0.01701040618311689,-0.0601071010141506,0.01701040618311689
22.15,0.0216247494884678,0.01701397590714376,-0.0601912728942566,0.01701397590714376
22.16,0.0216723896792058,0.01701749245662466,-0.0603582349941907,0.01701749245662466
22.17,0.0216519230544867,0.0170286831907647,-0.0604640819763819,0.0170286831907647
22.18,0.0217261217817391,0.01704047831127312,-0.0606475249955613,0.01704047831127312
22.19,0.0217820835484826,0.01704987370302868,-0.0607682584760046,0.01704987370302868
22.2,0.0218665697192112,0.017060949645887988,-0.0609311469451639,0.017060949645887988
22.21,0.0218309859451124,0.017070344211908152,-0.0610673962189616,0.017070344211908152
22.22,0.0218752136507275,0.017080162496343868,-0.0612177279302436,0.017080162496343868
22.23,0.0218836554849997,0.01709481903920019,-0.0613707680554648,0.01709481903920019
22.24,0.0219865950262041,0.017109494236913023,-0.0615165427026069,0.017109494236913023
22.25,0.021996074577515,0.017126384730556235,-0.0616081968473859,0.017126384730556235
22.26,0.0220022765247161,0.017131800934304955,-0.0618835891711372,0.017131800934304955
22.27,0.0220550497636225,0.01714341852432408,-0.0619976885462743,0.01714341852432408
22.28,0.0221112360127927,0.01715289114225163,-0.0621510461878292,0.01715289114225163
22.29,0.0221659619344182,0.017163758744342412,-0.0622631526405308,0.017163758744342412
22.3,0.0223022146177585,0.0171754785492247,-0.0624400547959161,0.0171754785492247
22.31,0.0222730969663032,0.017179625833344765,-0.0625972427173744,0.017179625833344765
22.32,0.0223098488104279,0.01718345199938179,-0.0627557558851511,0.01718345199938179
22.33,0.0224219573793724,0.017198304281137246,-0.0629211678917849,0.017198304281137246
22.34,0.0224286729513004,0.017215932223991724,-0.0629853541599863,0.017215932223991724
22.35,0.0225830490914192,0.017215504413422487,-0.0632073278528457,0.017215504413422487
22.36,0.022553825511971,0.017223244114179602,-0.0632600670642832,0.017223244114179602
22.37,0.022694719227969,0.01722488164008084,-0.0634713609005134,0.01722488164008084
22.38,0.0227047817066842,0.017223118957844806,-0.063591951612036,0.017223118957844806
22.39,0.022840234186567,0.017229226611291937,-0.0637576008971172,0.017229226611291937
22.4,0.0229042114193948,0.017239373191774363,-0.0639183436175765,0.017239373191774363
22.41,0.0229452692682838,0.01725641505875071,-0.0640142579288458,0.01725641505875071
22.42,0.023040347440745,0.017264523877777972,-0.0643097889973136,0.017264523877777972
22.43,0.0231444115788736,0.017275959273151623,-0.0644772739076739,0.017275959273151623
22.44,0.0232124666793583,0.017280582444737774,-0.0645356565847191,0.017280582444737774
22.45,0.0233128196035068,0.01730087635046395,-0.0647024451433032,0.01730087635046395
22.46,0.0233407712345003,0.017320071528278996,-0.0648376643455522,0.017320071528278996
22.47,0.0234820739541745,0.01732888797897087,-0.0650634046526567,0.01732888797897087
22.48,0.0235807723426555,0.017340540209834474,-0.0651332538920621,0.017340540209834474
22.49,0.0236503280035615,0.017352291428584726,-0.0652780594150932,0.017352291428584726
22.5,0.0237538359227639,0.017356005549177884,-0.0653808556029739,0.017356005549177884
22.51,0.0237795085879498,0.017360379888399568,-0.0654207079431819,0.017360379888399568
22.52,0.0237823435745146,0.017361975809408525,-0.0655371588129922,0.017361975809408525
22.53,0.0239282201478355,0.01736962019687491,-0.0656422190898833,0.01736962019687491
22.54,0.0240131515147808,0.017388473561714784,-0.0657892681976852,0.017388473561714784
22.55,0.0241307621386218,0.017405802602676195,-0.0658899121381925,0.017405802602676195
22.56,0.0241285450190793,0.017411963696341654,-0.0658972676898234,0.017411963696341654
22.57,0.0243112317952016,0.017422929393287698,-0.0660848806457399,0.017422929393287698
22.58,0.0243352439363135,0.017433313026322263,-0.066215831846492,0.017433313026322263
22.59,0.024436009280104,0.01745283707706594,-0.0663990254165231,0.01745283707706594
22.6,0.0245448655629768,0.017464016558532476,-0.0663971654499915,0.017464016558532476
22.61,0.0246344909433594,0.017480011777273527,-0.0665748934965613,0.017480011777273527
22.62,0.0248260071520557,0.017501158173016222,-0.0666853767303133,0.017501158173016222
22.63,0.0247544673628993,0.017516074937938827,-0.0666440313536059,0.017516074937938827
22.64,0.024835271598843,0.017528641278869023,-0.0668542518417811,0.017528641278869023
22.65,0.0249324510680353,0.01753377146654474,-0.0669440460283479,0.01753377146654474
22.66,0.0250409433659187,0.01753996482099749,-0.0670460630234646,0.01753996482099749
22.67,0.0250759689394087,0.017550012966504432,-0.0670823197985557,0.017550012966504432
22.68,0.0251646247991599,0.017559891541829666,-0.0671332717099077,0.017559891541829666
22.69,0.0252197534550309,0.017559365454966308,-0.0672482289626447,0.017559365454966308
22.7,0.0252631560689378,0.01756611204706169,-0.0674127202762697,0.01756611204706169
22.71,0.0253829221374256,0.01757251034529367,-0.0675657946046581,0.01757251034529367
22.72,0.025346833307798,0.01758747629344471,-0.0675491524357678,0.01758747629344471
22.73,0.0254566705788069,0.01759848984194597,-0.0675835194550284,0.01759848984194597
22.74,0.0255718432364541,0.01762074959921678,-0.0676788558738843,0.01762074959921678
22.75,0.0257607330495203,0.017658431951909994,-0.0678985552609751,0.017658431951909994
22.76,0.0256153583636184,0.01768957806006288,-0.0677794455576274,0.01768957806006288
22.77,0.0257759096614515,0.017707308323729534,-0.0679551312909569,0.017707308323729534
22.78,0.0259833511244897,0.017720947759389077,-0.068137020755098,0.017720947759389077
22.79,0.0259554444056968,0.01772744179424015,-0.068087195497076,0.01772744179424015
22.8,0.0260887765616414,0.01773460560153407,-0.0680868901204716,0.01773460560153407
22.81,0.0262136712547863,0.017721722316047045,-0.0682759476283374,0.017721722316047045
22.82,0.0261906735467566,0.017729010217886667,-0.068178343929484,0.017729010217886667
22.83,0.0262587894532873,0.01773429365370932,-0.0683217647346771,0.01773429365370932
22.84,0.0263708386260172,0.01773567354377697,-0.0683850425042976,0.01773567354377697
22.85,0.0264183124157193,0.017739652604614443,-0.0683332854653454,0.017739652604614443
22.86,0.0264799441947241,0.017736776801761958,-0.068274450219549,0.017736776801761958
22.87,0.0265389900188206,0.017731714156514117,-0.0682960017401428,0.017731714156514117
22.88,0.0265541567738528,0.01775804914539401,-0.0683307354880986,0.01775804914539401
22.89,0.0266377411933934,0.017771825745305968,-0.068301051140463,0.017771825745305968
22.9,0.0267745582454185,0.017790154329842277,-0.0683943283115629,0.017790154329842277
22.91,0.0266341918171074,0.0178160718695578,-0.068274917202935,0.0178160718695578
22.92,0.0266958349704764,0.01782327568794066,-0.0682358936110907,0.01782327568794066
22.93,0.026822799851765,0.0178395276676527,-0.0682398386396445,0.0178395276676527
22.94,0.0268752766387566,0.0178513809530689,-0.0681941514580924,0.0178513809530689
22.95,0.0269099822934685,0.017870699570895078,-0.0682132460748754,0.017870699570895078
22.96,0.0269727052005925,0.017896966746658922,-0.0681888531209793,0.017896966746658922
22.97,0.0269452087654049,0.017918832099901617,-0.068115338683503,0.017918832099901617
22.98,0.0268910530936151,0.017919886048114342,-0.0680074693890752,0.017919886048114342
22.99,0.0271425726528567,0.017911639044216977,-0.0680423130242592,0.017911639044216977
23.0,0.027134983040498,0.017910639577212114,-0.067942745694874,0.017910639577212114
23.01,0.0271162946931318,0.017917694473535434,-0.0679064198885841,0.017917694473535434
23.02,0.0271141768665078,0.017910392423074406,-0.0677426423284017,0.017910392423074406
23.03,0.0270134427754107,0.017904254142500964,-0.0676556280572613,0.017904254142500964
23.04,0.0272493879690756,0.017902884310078828,-0.0676384351363491,0.017902884310078828
23.05,0.0272021706481349,0.017911834706048124,-0.0675421020288711,0.017911834706048124
23.06,0.0272190544328966,0.017924890403774547,-0.0674423858060209,0.017924890403774547
23.07,0.0272066821861656,0.017925317586623232,-0.0673522045039961,0.017925317586623232
23.08,0.0273055941849883,0.017938414917762775,-0.0673390557218012,0.017938414917762775
23.09,0.0273254709638587,0.017957342301842524,-0.0671664445332256,0.017957342301842524
23.1,0.0273297635341933,0.017981267372893517,-0.0670577861027381,0.017981267372893517
23.11,0.027293965000447,0.01799726852056163,-0.066879323862069,0.01799726852056163
23.12,0.027248250036452,0.01800808196454164,-0.0668145140418546,0.01800808196454164
23.13,0.0273414106547904,0.018011916651661925,-0.0666663024513781,0.018011916651661925
23.14,0.0274125761245746,0.018027297976905755,-0.0665721750344708,0.018027297976905755
23.15,0.0274200410908939,0.01804085799179349,-0.0663924579686951,0.01804085799179349
23.16,0.0273855801415988,0.01804835412556653,-0.0663087456520181,0.01804835412556653
23.17,0.027405991968714,0.0180387933725367,-0.0662036897169448,0.0180387933725367
23.18,0.0274858694028928,0.018036589766748053,-0.06614940863599,0.018036589766748053
23.19,0.0275473780052739,0.018044499221249614,-0.0660810590789112,0.018044499221249614
23.2,0.0275452485953384,0.01805822536482157,-0.0658911512026821,0.01805822536482157
23.21,0.0276122822032866,0.018083581427993864,-0.0657825120532189,0.018083581427993864
23.22,0.0274698576760207,0.01807752232906964,-0.0656476984791124,0.01807752232906964
23.23,0.0274679394794015,0.018078187851795484,-0.0654662912480109,0.018078187851795484
23.24,0.0275944891330199,0.018079029952141334,-0.0653921327528423,0.018079029952141334
23.25,0.027643595864229,0.018086908586849047,-0.0653304591542803,0.018086908586849047
23.26,0.0276337734123713,0.018090403333913558,-0.0651229320549602,0.018090403333913558
23.27,0.0275574091143158,0.018098116664151585,-0.0649479798283253,0.018098116664151585
23.28,0.0275790510738955,0.01809968255232461,-0.0648463261899668,0.01809968255232461
23.29,0.0276785188938144,0.018109567499263606,-0.0647662868431758,0.018109567499263606
23.3,0.0276502258277614,0.01811216202001834,-0.0646265962089405,0.01811216202001834
23.31,0.0276733728919752,0.018116303992975966,-0.064620053177248,0.018116303992975966
23.32,0.0276040468934834,0.018120097892241595,-0.0644313915371843,0.018120097892241595
23.33,0.0276852645324878,0.018127770461881812,-0.0642403009813134,0.018127770461881812
23.34,0.027700570679354,0.018149905472126714,-0.064148204014795,0.018149905472126714
23.35,0.0275801629227988,0.01815463289354263,-0.0640632021265708,0.01815463289354263
23.36,0.0276236492888154,0.018165667262214535,-0.06394889273816,0.018165667262214535
23.37,0.0277353020471113,0.01817823338245412,-0.0638872847213325,0.01817823338245412
23.38,0.0277605768260108,0.018186584016898696,-0.0636961670388982,0.018186584016898696
23.39,0.0275882228421349,0.018189155074277846,-0.0634932772415353,0.018189155074277846
23.4,0.0276595098337996,0.018185338445707064,-0.0634264405339379,0.018185338445707064
23.41,0.0276686310457773,0.018192855149411956,-0.0633158778152454,0.018192855149411956
23.42,0.0277193562560092,0.018195321691992263,-0.0631627503579252,0.018195321691992263
23.43,0.027524363993627,0.018177405809246996,-0.0630057675463885,0.018177405809246996
23.44,0.027547325227628,0.01816939707384664,-0.0628164572593876,0.01816939707384664
23.45,0.0276488653737934,0.01817896413100147,-0.0627351564817468,0.01817896413100147
23.46,0.0275637009239763,0.018194250121466173,-0.0625114365378703,0.018194250121466173
23.47,0.0273910455111638,0.018191176942134107,-0.0622840914756696,0.018191176942134107
23.48,0.0274682896554896,0.018194447193784633,-0.0621605846437065,0.018194447193784633
23.49,0.0274661236695503,0.018219820398121468,-0.0620232743634645,0.018219820398121468
23.5,0.0275056608823993,0.018232407291754345,-0.0618588541432931,0.018232407291754345
23.51,0.0273670085149929,0.018235752895923423,-0.0617788221508787,0.018235752895923423
23.52,0.0274547548953749,0.01823277895688887,-0.0616179669293769,0.01823277895688887
23.53,0.0274401499962718,0.018254138914898528,-0.0615027124324922,0.018254138914898528
23.54,0.027265350106992,0.018238083612890366,-0.0612891334106332,0.018238083612890366
23.55,0.0272518328339663,0.018237806432686084,-0.0611117312049578,0.018237806432686084
23.56,0.0271192441089342,0.01822302839324611,-0.0608385498069516,0.01822302839324611
23.57,0.0270309689022183,0.018195240102047424,-0.06068569300947,0.018195240102047424
23.58,0.0271521906495815,0.018175188954485277,-0.0606598502401371,0.018175188954485277
23.59,0.027076752326024,0.018179074994953564,-0.0604944883432507,0.018179074994953564
23.6,0.0270998976180466,0.01818943804642512,-0.0602746968821376,0.01818943804642512
23.61,0.0270282155569488,0.018196198337978527,-0.0601328257861609,0.018196198337978527
23.62,0.0270349889073604,0.01820992860216425,-0.0599297097540232,0.01820992860216425
23.63,0.0269434751493466,0.018216936447974633,-0.0596752586530031,0.018216936447974633
23.64,0.026971503551987,0.018227942611090665,-0.0596293690707517,0.018227942611090665
23.65,0.0268791387823159,0.018236178791192516,-0.0594901513496059,0.018236178791192516
23.66,0.0268462710127878,0.018259979894395092,-0.0593489317564071,0.018259979894395092
23.67,0.0267760992568599,0.018249430701128416,-0.0590963453880179,0.018249430701128416
23.68,0.0266766386284579,0.01825502269369745,-0.0589627977469066,0.01825502269369745
23.69,0.0266290856483725,0.01827048939460109,-0.0588114749778609,0.01827048939460109
